"";"Sample_name";"Sample_ID_demultiplexing";"SITE_PAIR";"PLOT_ID";"SUBPLOT";"SITE_ID";"MANAGEMENT";"MESH_TYPE";"locality_id";"GDD0";"precip_Plot_ID_coll_3";"N %";"C/N";"E3pH";"percent_mass_loss";"ergosterol_new";"bioclim_10";"bioclim_7";"vac.myr"
"1";"SKO_NN_S_1";"S002";1;1;1;"SKO";"NN";"S";"SKO_NN_1";"3618.6100260416665";"2919.48280325183";"1.66";"31.5";"4.04";"52.7540011668127";0,301872391;13,62656593;47,54360199;"20"
"2";"SKO_NN_L_2";"S003";1;1;2;"SKO";"NN";"L";"SKO_NN_2";"3619.511067708333";"2919.48280325183";"1.66";"31.5";"4.04";"63.6608925145019";0,204024604;13,62656593;47,54360199;"13"
"3";"SKO_NN_S_2";"S004";1;1;2;"SKO";"NN";"S";"SKO_NN_2";"3619.511067708333";"2919.48280325183";"1.66";"31.5";"4.04";"58.4162040973071";0,231404171;13,62656593;47,54360199;"13"
"4";"SKO_NN_L_3";"S005";1;1;3;"SKO";"NN";"L";"SKO_NN_3";"3644.442";"2919.48280325183";"1.66";"31.5";"4.04";"51.4634626611774";0,346889734;13,62656593;47,54360199;"23"
"5";"SKO_NN_S_3";"S006";1;1;3;"SKO";"NN";"S";"SKO_NN_3";"3644.442";"2919.48280325183";"1.66";"31.5";"4.04";"48.0403159207257";0,302989179;13,62656593;47,54360199;"23"
"6";"SKO_NN_L_4";"S007";1;1;4;"SKO";"NN";"L";"SKO_NN_4";"3676.7955729166665";"2919.48280325183";"1.66";"31.5";"4.04";"68.7113338603223";0,297078111;13,62656593;47,54360199;"6"
"7";"SKO_NN_S_4";"S008";1;1;4;"SKO";"NN";"S";"SKO_NN_4";"3676.7955729166665";"2919.48280325183";"1.66";"31.5";"4.04";"53.6840481569188";0,311312281;13,62656593;47,54360199;"6"
"8";"SKO_NN_L_5";"S009";1;1;5;"SKO";"NN";"L";"SKO_NN_5";"3746.098958333333";"2919.48280325183";"1.66";"31.5";"4.04";"53.107371014701";0,368806537;13,62656593;47,54360199;"5"
"9";"SKO_NN_S_5";"S010";1;1;5;"SKO";"NN";"S";"SKO_NN_5";"3746.098958333333";"2919.48280325183";"1.66";"31.5";"4.04";"49.26926286193";0,237869482;13,62656593;47,54360199;"5"
"10";"SKO_NN_L_6";"S011";1;1;6;"SKO";"NN";"L";"SKO_NN_6";"3810.4322916666665";"2919.48280325183";"1.66";"31.5";"4.04";"53.5360767980567";0,264486443;13,62656593;47,54360199;"3"
"11";"SKO_NN_S_6";"S012";1;1;6;"SKO";"NN";"S";"SKO_NN_6";"3810.4322916666665";"2919.48280325183";"1.66";"31.5";"4.04";"47.2721758259779";0,386946849;13,62656593;47,54360199;"3"
"12";"SKO_CC_L_7";"S013";1;2;7;"SKO";"CC";"L";"SKO_CC_7";"3724.966796875";"2932.13169676554";"1.69";"31";"4.03";"59.2561542417445";0,353414331;13,61310005;47,81230164;"2"
"13";"SKO_CC_S_7";"S014";1;2;7;"SKO";"CC";"S";"SKO_CC_7";"3724.966796875";"2932.13169676554";"1.69";"31";"4.03";"63.6198524673074";0,323043415;13,61310005;47,81230164;"2"
"14";"SKO_CC_L_8";"S015";1;2;8;"SKO";"CC";"L";"SKO_CC_8";"3731.0260416666665";"2932.13169676554";"1.69";"31";"4.03";"52.9930702077723";0,346476923;13,61310005;47,81230164;"4"
"15";"SKO_CC_S_8";"S016";1;2;8;"SKO";"CC";"S";"SKO_CC_8";"3731.0260416666665";"2932.13169676554";"1.69";"31";"4.03";"54.6764064435224";0,325529168;13,61310005;47,81230164;"4"
"16";"SKO_CC_L_9";"S017";1;2;9;"SKO";"CC";"L";"SKO_CC_9";"3743.4850260416665";"2932.13169676554";"1.69";"31";"4.03";"54.3907207116553";0,329191065;13,61310005;47,81230164;"2"
"17";"SKO_CC_S_9";"S018";1;2;9;"SKO";"CC";"S";"SKO_CC_9";"3743.4850260416665";"2932.13169676554";"1.69";"31";"4.03";"53.7835531052359";0,277290403;13,61310005;47,81230164;"2"
"18";"SKO_CC_L_10";"S019";1;2;10;"SKO";"CC";"L";"SKO_CC_10";"3666.322265625";"2932.13169676554";"1.69";"31";"4.03";"57.7744721713619";0,302777939;13,61310005;47,81230164;"23"
"19";"SKO_CC_S_10";"S020";1;2;10;"SKO";"CC";"S";"SKO_CC_10";"3666.322265625";"2932.13169676554";"1.69";"31";"4.03";"62.0066397900957";0,157556896;13,61310005;47,81230164;"23"
"20";"SKO_CC_L_11";"S021";1;2;11;"SKO";"CC";"L";"SKO_CC_11";"3744.12109375";"2932.13169676554";"1.69";"31";"4.03";"57.4593038546798";0,320843038;13,61310005;47,81230164;"18"
"21";"SKO_CC_S_11";"S022";1;2;11;"SKO";"CC";"S";"SKO_CC_11";"3744.12109375";"2932.13169676554";"1.69";"31";"4.03";"56.7698284841973";0,270866357;13,61310005;47,81230164;"18"
"22";"SKO_CC_L_12";"S023";1;2;12;"SKO";"CC";"L";"SKO_CC_12";"3791.473958333333";"2932.13169676554";"1.69";"31";"4.03";"57.7870065211314";0,31819349;13,61310005;47,81230164;"2"
"23";"SKO_CC_S_12";"S024";1;2;12;"SKO";"CC";"S";"SKO_CC_12";"3791.473958333333";"2932.13169676554";"1.69";"31";"4.03";"62.0765937133311";0,196503581;13,61310005;47,81230164;"2"
"24";"GUL_NN_L_13";"S025";2;3;13;"GUL";"NN";"L";"GUL_NN_13";"3462.2330729166665";"1681.19010519271";"1.72";"30.7";"4.1";"51.3985577371358";0,43919311;13,33121681;47,74009705;"2"
"25";"GUL_NN_S_13";"S026";2;3;13;"GUL";"NN";"S";"GUL_NN_13";"3462.2330729166665";"1681.19010519271";"1.72";"30.7";"4.1";"52.7026465048043";0,319207521;13,33121681;47,74009705;"2"
"26";"GUL_NN_L_14";"S027";2;3;14;"GUL";"NN";"L";"GUL_NN_14";"3378.178";"1681.19010519271";"1.72";"30.7";"4.1";"56.6390202798903";0,437277886;13,33121681;47,74009705;"25"
"27";"GUL_NN_S_14";"S028";2;3;14;"GUL";"NN";"S";"GUL_NN_14";"3378.178";"1681.19010519271";"1.72";"30.7";"4.1";"53.3059199506615";0,376476498;13,33121681;47,74009705;"25"
"28";"GUL_NN_L_15";"S029";2;3;15;"GUL";"NN";"L";"GUL_NN_15";"3515.7057291666665";"1681.19010519271";"1.72";"30.7";"4.1";"49.1655695838484";0,457170874;13,33121681;47,74009705;"8"
"29";"GUL_NN_S_15";"S030";2;3;15;"GUL";"NN";"S";"GUL_NN_15";"3515.7057291666665";"1681.19010519271";"1.72";"30.7";"4.1";"52.8055209593634";0,340257597;13,33121681;47,74009705;"8"
"30";"GUL_NN_L_16";"S031";2;3;16;"GUL";"NN";"L";"GUL_NN_16";"3460.1451822916665";"1681.19010519271";"1.72";"30.7";"4.1";"55.8452596019076";0,384320465;13,33121681;47,74009705;"4"
"31";"GUL_NN_S_16";"S032";2;3;16;"GUL";"NN";"S";"GUL_NN_16";"3460.1451822916665";"1681.19010519271";"1.72";"30.7";"4.1";"55.247297475494";0,302018337;13,33121681;47,74009705;"4"
"32";"GUL_NN_L_17";"S033";2;3;17;"GUL";"NN";"L";"GUL_NN_17";"3456.186848958333";"1681.19010519271";"1.72";"30.7";"4.1";"57.8569091687684";0,461116492;13,33121681;47,74009705;"3"
"33";"GUL_NN_S_17";"S034";2;3;17;"GUL";"NN";"S";"GUL_NN_17";"3456.186848958333";"1681.19010519271";"1.72";"30.7";"4.1";"61.7809101466615";0,346712472;13,33121681;47,74009705;"3"
"34";"GUL_NN_L_18";"S035";2;3;18;"GUL";"NN";"L";"GUL_NN_18";"3277.736328125";"1681.19010519271";"1.72";"30.7";"4.1";"55.2761703161658";0,32214636;13,33121681;47,74009705;"2"
"35";"GUL_NN_S_18";"S036";2;3;18;"GUL";"NN";"S";"GUL_NN_18";"3277.736328125";"1681.19010519271";"1.72";"30.7";"4.1";"50.0377850913151";0,369023694;13,33121681;47,74009705;"2"
"36";"GUL_CC_L_19";"S037";2;4;19;"GUL";"CC";"L";"GUL_CC_19";"3478.733723958333";"1604.21259546129";"1.56";"33.4";"3.92";"52.8318441092563";0,402279425;13,46240044;47,56110001;"3"
"37";"GUL_CC_S_19";"S038";2;4;19;"GUL";"CC";"S";"GUL_CC_19";"3478.733723958333";"1604.21259546129";"1.56";"33.4";"3.92";"52.0721671688868";0,367634703;13,46240044;47,56110001;"3"
"38";"GUL_CC_L_20";"S039";2;4;20;"GUL";"CC";"L";"GUL_CC_20";"3452.826171875";"1604.21259546129";"1.56";"33.4";"3.92";"63.9904361652438";0,394546776;13,46240044;47,56110001;"8"
"39";"GUL_CC_S_20";"S040";2;4;20;"GUL";"CC";"S";"GUL_CC_20";"3452.826171875";"1604.21259546129";"1.56";"33.4";"3.92";"68.8363989532983";0,412573633;13,46240044;47,56110001;"8"
"40";"GUL_CC_L_21";"S041";2;4;21;"GUL";"CC";"L";"GUL_CC_21";"3425.8268229166665";"1604.21259546129";"1.56";"33.4";"3.92";"48.1811720829582";0,311416015;13,46240044;47,56110001;"4"
"41";"GUL_CC_S_21";"S042";2;4;21;"GUL";"CC";"S";"GUL_CC_21";"3425.8268229166665";"1604.21259546129";"1.56";"33.4";"3.92";"54.4724196310962";0,360589187;13,46240044;47,56110001;"4"
"42";"GUL_CC_L_22";"S043";2;4;22;"GUL";"CC";"L";"GUL_CC_22";"3389.5592447916665";"1604.21259546129";"1.56";"33.4";"3.92";"51.4167585180059";0,359611605;13,46240044;47,56110001;"1"
"43";"GUL_CC_S_22";"S044";2;4;22;"GUL";"CC";"S";"GUL_CC_22";"3389.5592447916665";"1604.21259546129";"1.56";"33.4";"3.92";"47.2942199636989";0,339419307;13,46240044;47,56110001;"1"
"44";"GUL_CC_L_23";"S045";2;4;23;"GUL";"CC";"L";"GUL_CC_23";"3346.751953125";"1604.21259546129";"1.56";"33.4";"3.92";"53.007518023903";0,363643006;13,46240044;47,56110001;"2"
"45";"GUL_CC_S_23";"S046";2;4;23;"GUL";"CC";"S";"GUL_CC_23";"3346.751953125";"1604.21259546129";"1.56";"33.4";"3.92";"48.4323697864078";0,343210749;13,46240044;47,56110001;"2"
"46";"GUL_CC_L_24";"S047";2;4;24;"GUL";"CC";"L";"GUL_CC_24";"3387.3795572916665";"1604.21259546129";"1.56";"33.4";"3.92";"51.9214346536735";0,378916546;13,46240044;47,56110001;"4"
"47";"GUL_CC_S_24";"S048";2;4;24;"GUL";"CC";"S";"GUL_CC_24";"3387.3795572916665";"1604.21259546129";"1.56";"33.4";"3.92";"47.4119975181906";0,429914913;13,46240044;47,56110001;"4"
"48";"HEM_CC_L_25";"S049";3;5;25;"HEM";"CC";"L";"HEM_CC_25";"3344.909505208333";"1239.0366986976";"1.55";"33";"4.21";"46.1990855269825";0,3429005;13,36884975;54,12509918;"44"
"49";"HEM_CC_S_26";"S052";3;5;26;"HEM";"CC";"S";"HEM_CC_26";"3665.0963541666665";"1239.0366986976";"1.55";"33";"4.21";"58.1245408494984";0,347837051;13,36884975;54,12509918;"27"
"50";"HEM_CC_L_27";"S053";3;5;27;"HEM";"CC";"L";"HEM_CC_27";"3519.109375";"1239.0366986976";"1.55";"33";"4.21";"52.9495897155203";0,330955254;13,36884975;54,12509918;"23"
"51";"HEM_CC_S_27";"S054";3;5;27;"HEM";"CC";"S";"HEM_CC_27";"3519.109375";"1239.0366986976";"1.55";"33";"4.21";"49.0933985106622";0,361961511;13,36884975;54,12509918;"23"
"52";"HEM_CC_L_28";"S055";3;5;28;"HEM";"CC";"L";"HEM_CC_28";"3264.477864583333";"1239.0366986976";"1.55";"33";"4.21";"53.3789036041691";0,291465848;13,36884975;54,12509918;"17"
"53";"HEM_CC_S_28";"S056";3;5;28;"HEM";"CC";"S";"HEM_CC_28";"3264.477864583333";"1239.0366986976";"1.55";"33";"4.21";"52.9615258200625";0,277707717;13,36884975;54,12509918;"17"
"54";"HEM_CC_L_29";"S057";3;5;29;"HEM";"CC";"L";"HEM_CC_29";"3523.3717447916665";"1239.0366986976";"1.55";"33";"4.21";"63.9345185665901";0,438848469;13,36884975;54,12509918;"17"
"55";"HEM_CC_S_29";"S058";3;5;29;"HEM";"CC";"S";"HEM_CC_29";"3523.3717447916665";"1239.0366986976";"1.55";"33";"4.21";"54.0648674049406";0,313314179;13,36884975;54,12509918;"17"
"56";"HEM_CC_L_30";"S059";3;5;30;"HEM";"CC";"L";"HEM_CC_30";"3317.056640625";"1239.0366986976";"1.55";"33";"4.21";"66.7119817360221";0,32672712;13,36884975;54,12509918;"13"
"57";"HEM_CC_S_30";"S060";3;5;30;"HEM";"CC";"S";"HEM_CC_30";"3317.056640625";"1239.0366986976";"1.55";"33";"4.21";"50.0978388501856";0,265171563;13,36884975;54,12509918;"13"
"58";"HEM_NN_S_32";"S064";3;6;32;"HEM";"NN";"S";"HEM_NN_32";"3302.3834635416665";"1251.81020118529";"1.52";"34.1";"4.01";"48.5558745197467";0,299091805;13,36083317;54,07769775;"51"
"59";"HEM_NN_L_33";"S065";3;6;33;"HEM";"NN";"L";"HEM_NN_33";"3395.4811197916665";"1251.81020118529";"1.52";"34.1";"4.01";"61.1199842449077";0,288624336;13,36083317;54,07769775;"50"
"60";"HEM_NN_S_33";"S066";3;6;33;"HEM";"NN";"S";"HEM_NN_33";"3395.4811197916665";"1251.81020118529";"1.52";"34.1";"4.01";"50.101473577729";0,334035695;13,36083317;54,07769775;"50"
"61";"HEM_NN_L_34";"S067";3;6;34;"HEM";"NN";"L";"HEM_NN_34";"3337.4576822916665";"1251.81020118529";"1.52";"34.1";"4.01";"72.0269538472037";0,354968668;13,36083317;54,07769775;"70"
"62";"HEM_NN_S_34";"S068";3;6;34;"HEM";"NN";"S";"HEM_NN_34";"3337.4576822916665";"1251.81020118529";"1.52";"34.1";"4.01";"57.9686700476407";0,270284356;13,36083317;54,07769775;"70"
"63";"HEM_NN_L_35";"S069";3;6;35;"HEM";"NN";"L";"HEM_NN_35";"3391.532552083333";"1251.81020118529";"1.52";"34.1";"4.01";"44.9317703223618";0,262558083;13,36083317;54,07769775;"56"
"64";"HEM_NN_S_35";"S070";3;6;35;"HEM";"NN";"S";"HEM_NN_35";"3391.532552083333";"1251.81020118529";"1.52";"34.1";"4.01";"61.6614823166326";0,253363708;13,36083317;54,07769775;"56"
"65";"HEM_NN_L_36";"S071";3;6;36;"HEM";"NN";"L";"HEM_NN_36";"3453.544270833333";"1251.81020118529";"1.52";"34.1";"4.01";"66.6507419774121";0,355679505;13,36083317;54,07769775;"47"
"66";"HEM_NN_S_36";"S072";3;6;36;"HEM";"NN";"S";"HEM_NN_36";"3453.544270833333";"1251.81020118529";"1.52";"34.1";"4.01";"61.0848860129688";0,371150605;13,36083317;54,07769775;"47"
"67";"BRA_NN_L_37";"S073";4;7;37;"BRA";"NN";"L";"BRA_NN_37";"3751.6627604166665";"847.151499649975";"1.52";"32.7";"4.47";"55.3795744716186";0,322995147;14,17911625;52,40879822;"4"
"68";"BRA_NN_S_37";"S074";4;7;37;"BRA";"NN";"S";"BRA_NN_37";"3751.6627604166665";"847.151499649975";"1.52";"32.7";"4.47";"47.6914778569555";0,274445534;14,17911625;52,40879822;"4"
"69";"BRA_NN_L_38";"S075";4;7;38;"BRA";"NN";"L";"BRA_NN_38";"3785.1549479166665";"847.151499649975";"1.52";"32.7";"4.47";"55.1370422167494";0,245251725;14,17911625;52,40879822;"48"
"70";"BRA_NN_S_38";"S076";4;7;38;"BRA";"NN";"S";"BRA_NN_38";"3785.1549479166665";"847.151499649975";"1.52";"32.7";"4.47";"46.709774373232";0,339418571;14,17911625;52,40879822;"48"
"71";"BRA_NN_L_39";"S077";4;7;39;"BRA";"NN";"L";"BRA_NN_39";"3843.9322916666665";"847.151499649975";"1.52";"32.7";"4.47";"42.7971637390321";0,346178003;14,17911625;52,40879822;"0"
"72";"BRA_NN_S_39";"S078";4;7;39;"BRA";"NN";"S";"BRA_NN_39";"3843.9322916666665";"847.151499649975";"1.52";"32.7";"4.47";"50.3845667250607";0,246046941;14,17911625;52,40879822;"0"
"73";"BRA_NN_L_40";"S079";4;7;40;"BRA";"NN";"L";"BRA_NN_40";"3898.65625";"847.151499649975";"1.52";"32.7";"4.47";"47.8302812965171";0,370219192;14,17911625;52,40879822;"0.1"
"74";"BRA_NN_S_40";"S080";4;7;40;"BRA";"NN";"S";"BRA_NN_40";"3898.65625";"847.151499649975";"1.52";"32.7";"4.47";"45.3372505129897";0,233562095;14,17911625;52,40879822;"0.1"
"75";"HAL_CC_L_91_rep";"S083";8;16;91;"HAL";"CC";"L";"HAL_CC_91";"5146.307942708333";"1339.29309870524";"1.41";"35.8";"4.39";"57.6461510024525";0,367663765;16,2103157;45,49749756;"13"
"76";"STR_NN_L_109_rep";"S089";10;19;109;"STR";"NN";"L";"STR_NN_109";"3806.1764322916665";"1454.4902000078";"1.41";"38.4";"4.31";"41.3073273144906";0,339951803;13,60954952;48,0102005;"26"
"77";"STR_CC_L_115_rep";"S092";10;20;115;"STR";"CC";"L";"STR_CC_115";"3669.069661458333";"1440.01009707886";"1.52";"35.2";"4.39";"49.8022533417361";0,344501887;13,773633;47,82040024;"8"
"78";"STR_CC_S_115_rep";"S093";10;20;115;"STR";"CC";"S";"STR_CC_115";"3669.069661458333";"1440.01009707886";"1.52";"35.2";"4.39";"66.2338908165148";0,33802561;13,773633;47,82040024;"8"
"79";"STR_CC_L_116_rep";"S094";10;20;116;"STR";"CC";"L";"STR_CC_116";"3764.597005208333";"1440.01009707886";"1.52";"35.2";"4.39";"49.4882272768388";0,351051124;13,773633;47,82040024;"4"
"80";"BRA_NN_L_41";"S097";4;7;41;"BRA";"NN";"L";"BRA_NN_41";"3887.3209635416665";"847.151499649975";"1.52";"32.7";"4.47";"48.7454498393724";0,312902921;14,17911625;52,40879822;"0.1"
"81";"BRA_NN_S_41";"S098";4;7;41;"BRA";"NN";"S";"BRA_NN_41";"3887.3209635416665";"847.151499649975";"1.52";"32.7";"4.47";"46.2190960569298";0,369972417;14,17911625;52,40879822;"0.1"
"82";"BRA_NN_L_42";"S099";4;7;42;"BRA";"NN";"L";"BRA_NN_42";"3948.6256510416665";"847.151499649975";"1.52";"32.7";"4.47";"54.2765801131871";0,299989243;14,17911625;52,40879822;"0.1"
"83";"BRA_NN_S_42";"S100";4;7;42;"BRA";"NN";"S";"BRA_NN_42";"3948.6256510416665";"847.151499649975";"1.52";"32.7";"4.47";"42.2505782083926";0,316136829;14,17911625;52,40879822;"0.1"
"84";"BRA_CC_L_43";"S101";4;8;43;"BRA";"CC";"L";"BRA_CC_43";"3920.403645833333";"863.745400625747";"1.51";"30.9";"5.06";"28.6144230420064";0,335133133;14,36273289;52,50270081;"1"
"85";"BRA_CC_S_43";"S102";4;8;43;"BRA";"CC";"S";"BRA_CC_43";"3920.403645833333";"863.745400625747";"1.51";"30.9";"5.06";"43.818272186387";0,282776;14,36273289;52,50270081;"1"
"86";"BRA_CC_L_44";"S103";4;8;44;"BRA";"CC";"L";"BRA_CC_44";"3831.9127604166665";"863.745400625747";"1.51";"30.9";"5.06";"42.2818089068137";0,134683306;14,36273289;52,50270081;"0.1"
"87";"BRA_CC_L_45";"S105";4;8;45;"BRA";"CC";"L";"BRA_CC_45";"3899.1412760416665";"863.745400625747";"1.51";"30.9";"5.06";"53.8080623062053";0,167639986;14,36273289;52,50270081;"1"
"88";"BRA_CC_S_45";"S106";4;8;45;"BRA";"CC";"S";"BRA_CC_45";"3899.1412760416665";"863.745400625747";"1.51";"30.9";"5.06";"54.8452793459393";0,145011981;14,36273289;52,50270081;"1"
"89";"BRA_CC_L_46";"S107";4;8;46;"BRA";"CC";"L";"BRA_CC_46";"3877.263020833333";"863.745400625747";"1.51";"30.9";"5.06";"39.5394193363762";0,219417019;14,36273289;52,50270081;"2"
"90";"BRA_CC_S_46";"S108";4;8;46;"BRA";"CC";"S";"BRA_CC_46";"3877.263020833333";"863.745400625747";"1.51";"30.9";"5.06";"50.1933652635319";0,187439475;14,36273289;52,50270081;"2"
"91";"BRA_CC_L_47";"S109";4;8;47;"BRA";"CC";"L";"BRA_CC_47";"3866.6158854166665";"863.745400625747";"1.51";"30.9";"5.06";"50.4689953756657";0,159277963;14,36273289;52,50270081;"1"
"92";"BRA_CC_S_47";"S110";4;8;47;"BRA";"CC";"S";"BRA_CC_47";"3866.6158854166665";"863.745400625747";"1.51";"30.9";"5.06";"62.0785648132391";0,163838517;14,36273289;52,50270081;"1"
"93";"BRA_CC_L_48";"S111";4;8;48;"BRA";"CC";"L";"BRA_CC_48";"3793.8072916666665";"863.745400625747";"1.51";"30.9";"5.06";"46.4619338877569";0,153934441;14,36273289;52,50270081;"0.1"
"94";"BRA_CC_S_48";"S112";4;8;48;"BRA";"CC";"S";"BRA_CC_48";"3793.8072916666665";"863.745400625747";"1.51";"30.9";"5.06";"46.4013826455118";0,203066247;14,36273289;52,50270081;"0.1"
"95";"SAR_NN_L_49";"S113";5;9;49;"SAR";"NN";"L";"SAR_NN_49";"3846.1139322916665";"1289.19720152323";"1.3";"39";"3.86";"62.2963143002027";0,294866261;13,83774948;50,90399933;"27"
"96";"SAR_NN_S_49";"S114";5;9;49;"SAR";"NN";"S";"SAR_NN_49";"3846.1139322916665";"1289.19720152323";"1.3";"39";"3.86";"64.5767451105084";0,525951278;13,83774948;50,90399933;"27"
"97";"SAR_NN_L_50";"S115";5;9;50;"SAR";"NN";"L";"SAR_NN_50";"3811.2154947916665";"1289.19720152323";"1.3";"39";"3.86";"53.5357747034394";0,287904149;13,83774948;50,90399933;"27"
"98";"SAR_NN_S_50";"S116";5;9;50;"SAR";"NN";"S";"SAR_NN_50";"3811.2154947916665";"1289.19720152323";"1.3";"39";"3.86";"56.1062638538777";0,322361049;13,83774948;50,90399933;"27"
"99";"SAR_NN_L_51";"S117";5;9;51;"SAR";"NN";"L";"SAR_NN_51";"3894.858723958333";"1289.19720152323";"1.3";"39";"3.86";"49.7519233275832";0,355725046;13,83774948;50,90399933;"29"
"100";"SAR_NN_S_51";"S118";5;9;51;"SAR";"NN";"S";"SAR_NN_51";"3894.858723958333";"1289.19720152323";"1.3";"39";"3.86";"52.7084141061539";0,312736425;13,83774948;50,90399933;"29"
"101";"SAR_NN_L_52";"S119";5;9;52;"SAR";"NN";"L";"SAR_NN_52";"3982.653645833333";"1289.19720152323";"1.3";"39";"3.86";"46.7042992060361";0,397112634;13,83774948;50,90399933;"71"
"102";"SAR_NN_S_52";"S120";5;9;52;"SAR";"NN";"S";"SAR_NN_52";"3982.653645833333";"1289.19720152323";"1.3";"39";"3.86";"65.7375134634028";0,249941322;13,83774948;50,90399933;"71"
"103";"SAR_NN_L_53";"S121";5;9;53;"SAR";"NN";"L";"SAR_NN_53";"4015.50390625";"1289.19720152323";"1.3";"39";"3.86";"63.0548498749653";0,256115237;13,83774948;50,90399933;"72"
"104";"SAR_NN_S_53";"S122";5;9;53;"SAR";"NN";"S";"SAR_NN_53";"4015.50390625";"1289.19720152323";"1.3";"39";"3.86";"58.8492916785908";0,323520965;13,83774948;50,90399933;"72"
"105";"SAR_NN_L_54";"S123";5;9;54;"SAR";"NN";"L";"SAR_NN_54";"4001.515625";"1289.19720152323";"1.3";"39";"3.86";"52.5292480989753";0,309236115;13,83774948;50,90399933;"48"
"106";"SAR_NN_S_54";"S124";5;9;54;"SAR";"NN";"S";"SAR_NN_54";"4001.515625";"1289.19720152323";"1.3";"39";"3.86";"61.3862210890356";0,224854985;13,83774948;50,90399933;"48"
"107";"SAR_CC_L_55";"S125";5;10;55;"SAR";"CC";"L";"SAR_CC_55";"3951.9381510416665";"1293.8794064871";"1.28";"39.7";"3.97";"48.6109434303538";0,401521702;13,82839966;50,99009705;"3"
"108";"SAR_CC_S_55";"S126";5;10;55;"SAR";"CC";"S";"SAR_CC_55";"3951.9381510416665";"1293.8794064871";"1.28";"39.7";"3.97";"65.3820626744418";0,272603512;13,82839966;50,99009705;"3"
"109";"SAR_CC_L_56";"S127";5;10;56;"SAR";"CC";"L";"SAR_CC_56";"4061.0527343749995";"1293.8794064871";"1.28";"39.7";"3.97";"60.1118457106258";0,293600622;13,82839966;50,99009705;"0"
"110";"SAR_CC_S_56";"S128";5;10;56;"SAR";"CC";"S";"SAR_CC_56";"4061.0527343749995";"1293.8794064871";"1.28";"39.7";"3.97";"66.3345707088456";0,490640418;13,82839966;50,99009705;"0"
"111";"SAR_CC_L_57";"S129";5;10;57;"SAR";"CC";"L";"SAR_CC_57";"4054.216145833333";"1293.8794064871";"1.28";"39.7";"3.97";"55.7635519142257";0,320648861;13,82839966;50,99009705;"0"
"112";"SAR_CC_S_57";"S130";5;10;57;"SAR";"CC";"S";"SAR_CC_57";"4054.216145833333";"1293.8794064871";"1.28";"39.7";"3.97";"68.3242005804397";0,314234848;13,82839966;50,99009705;"0"
"113";"SAR_CC_L_58";"S131";5;10;58;"SAR";"CC";"L";"SAR_CC_58";"4050.417317708333";"1293.8794064871";"1.28";"39.7";"3.97";"52.6732937290207";0,306284396;13,82839966;50,99009705;"0"
"114";"SAR_CC_L_59";"S133";5;10;59;"SAR";"CC";"L";"SAR_CC_59";"4169.86328125";"1293.8794064871";"1.28";"39.7";"3.97";"62.4529496692591";0,286844287;13,82839966;50,99009705;"0"
"115";"SAR_CC_S_59";"S134";5;10;59;"SAR";"CC";"S";"SAR_CC_59";"4169.86328125";"1293.8794064871";"1.28";"39.7";"3.97";"60.7265591527024";0,224521141;13,82839966;50,99009705;"0"
"116";"SAR_CC_L_60";"S135";5;10;60;"SAR";"CC";"L";"SAR_CC_60";"4163.149088541666";"1293.8794064871";"1.28";"39.7";"3.97";"63.3470550806561";0,361816114;13,82839966;50,99009705;"0"
"117";"SAR_CC_S_60";"S136";5;10;60;"SAR";"CC";"S";"SAR_CC_60";"4163.149088541666";"1293.8794064871";"1.28";"39.7";"3.97";"58.9682168021114";0,343858664;13,82839966;50,99009705;"0"
"118";"OYT_NN_L_61";"S137";6;11;61;"OYT";"NN";"L";"OYT_NN_61";"3183.642578125";"1634.73949363176";"1.62";"31.7";"3.91";"52.1759361768568";0,337620417;12,72838306;49,08340073;"61"
"119";"OYT_NN_S_61";"S138";6;11;61;"OYT";"NN";"S";"OYT_NN_61";"3183.642578125";"1634.73949363176";"1.62";"31.7";"3.91";"49.9850526569606";0,348206408;12,72838306;49,08340073;"61"
"120";"OYT_NN_L_62";"S139";6;11;62;"OYT";"NN";"L";"OYT_NN_62";"3186.389973958333";"1634.73949363176";"1.62";"31.7";"3.91";"49.4329983767242";0,401618968;12,72838306;49,08340073;"52"
"121";"OYT_NN_S_62";"S140";6;11;62;"OYT";"NN";"S";"OYT_NN_62";"3186.389973958333";"1634.73949363176";"1.62";"31.7";"3.91";"51.1309176378926";0,396499746;12,72838306;49,08340073;"52"
"122";"OYT_NN_L_63";"S141";6;11;63;"OYT";"NN";"L";"OYT_NN_63";"3183.841796875";"1634.73949363176";"1.62";"31.7";"3.91";"60.5363493363813";0,298595832;12,72838306;49,08340073;"74"
"123";"OYT_NN_S_63";"S142";6;11;63;"OYT";"NN";"S";"OYT_NN_63";"3183.841796875";"1634.73949363176";"1.62";"31.7";"3.91";"60.315247134714";0,381186993;12,72838306;49,08340073;"74"
"124";"OYT_NN_L_64";"S143";6;11;64;"OYT";"NN";"L";"OYT_NN_64";"3178.243489583333";"1634.73949363176";"1.62";"31.7";"3.91";"49.6290644970587";0,376718226;12,72838306;49,08340073;"51"
"125";"OYT_NN_S_64";"S144";6;11;64;"OYT";"NN";"S";"OYT_NN_64";"3178.243489583333";"1634.73949363176";"1.62";"31.7";"3.91";"66.5990150900398";0,303694485;12,72838306;49,08340073;"51"
"126";"OYT_NN_L_65";"S145";6;11;65;"OYT";"NN";"L";"OYT_NN_65";"3234.313802083333";"1634.73949363176";"1.62";"31.7";"3.91";"54.0611493554247";0,435605283;12,72838306;49,08340073;"31"
"127";"OYT_NN_S_65";"S146";6;11;65;"OYT";"NN";"S";"OYT_NN_65";"3234.313802083333";"1634.73949363176";"1.62";"31.7";"3.91";"52.3832252464033";0,371961044;12,72838306;49,08340073;"31"
"128";"OYT_NN_L_66";"S147";6;11;66;"OYT";"NN";"L";"OYT_NN_66";"3199.158203125";"1634.73949363176";"1.62";"31.7";"3.91";"47.5777643270041";0,269375351;12,72838306;49,08340073;"7"
"129";"OYT_NN_S_66";"S148";6;11;66;"OYT";"NN";"S";"OYT_NN_66";"3199.158203125";"1634.73949363176";"1.62";"31.7";"3.91";"45.8167235088619";0,308298505;12,72838306;49,08340073;"7"
"130";"OYT_CC_L_67";"S149";6;12;67;"OYT";"CC";"L";"OYT_CC_67";"3238.927734375";"1630.17579973221";"1.53";"34.1";"3.72";"54.0695633265406";0,467824629;12,94964981;49,10309982;"51"
"131";"OYT_CC_S_67";"S150";6;12;67;"OYT";"CC";"S";"OYT_CC_67";"3238.927734375";"1630.17579973221";"1.53";"34.1";"3.72";"50.6175065943594";0,370490846;12,94964981;49,10309982;"51"
"132";"OYT_CC_L_68";"S151";6;12;68;"OYT";"CC";"L";"OYT_CC_68";"3107.90234375";"1630.17579973221";"1.53";"34.1";"3.72";"59.7894426244595";0,345102433;12,94964981;49,10309982;"32"
"133";"OYT_CC_S_68";"S152";6;12;68;"OYT";"CC";"S";"OYT_CC_68";"3107.90234375";"1630.17579973221";"1.53";"34.1";"3.72";"60.5000469581289";0,363544042;12,94964981;49,10309982;"32"
"134";"OYT_CC_L_69";"S153";6;12;69;"OYT";"CC";"L";"OYT_CC_69";"3205.315755208333";"1630.17579973221";"1.53";"34.1";"3.72";"54.8221877038409";0,350877347;12,94964981;49,10309982;"47"
"135";"OYT_CC_S_69";"S154";6;12;69;"OYT";"CC";"S";"OYT_CC_69";"3205.315755208333";"1630.17579973221";"1.53";"34.1";"3.72";"59.0042196862768";0,377385052;12,94964981;49,10309982;"47"
"136";"OYT_CC_L_70";"S155";6;12;70;"OYT";"CC";"L";"OYT_CC_70";"3233.878255208333";"1630.17579973221";"1.53";"34.1";"3.72";"52.1809040537811";0,377955698;12,94964981;49,10309982;"24"
"137";"OYT_CC_S_70";"S156";6;12;70;"OYT";"CC";"S";"OYT_CC_70";"3233.878255208333";"1630.17579973221";"1.53";"34.1";"3.72";"56.8822115576601";0,327940853;12,94964981;49,10309982;"24"
"138";"OYT_CC_L_71";"S157";6;12;71;"OYT";"CC";"L";"OYT_CC_71";"3203.052083333333";"1630.17579973221";"1.53";"34.1";"3.72";"62.5124423631678";0,352494353;12,94964981;49,10309982;"39"
"139";"OYT_CC_S_71";"S158";6;12;71;"OYT";"CC";"S";"OYT_CC_71";"3203.052083333333";"1630.17579973221";"1.53";"34.1";"3.72";"52.2342864717625";0,462141487;12,94964981;49,10309982;"39"
"140";"OYT_CC_L_72";"S159";6;12;72;"OYT";"CC";"L";"OYT_CC_72";"3191.731770833333";"1630.17579973221";"1.53";"34.1";"3.72";"53.1907440640313";0,392800823;12,94964981;49,10309982;"50"
"141";"OYT_CC_S_72";"S160";6;12;72;"OYT";"CC";"S";"OYT_CC_72";"3191.731770833333";"1630.17579973221";"1.53";"34.1";"3.72";"56.4969887874303";0,354820689;12,94964981;49,10309982;"50"
"142";"TRE_NN_S_73";"S162";7;13;73;"TRE";"NN";"S";"TRE_NN_73";"3536.6764322916665";"1463.78600244038";"1.49";"32.6";"4.06";"63.0964564409019";0,33140898;13,7409668;47,96590042;"4"
"143";"TRE_NN_S_74";"S164";7;13;74;"TRE";"NN";"S";"TRE_NN_74";"3605.01171875";"1463.78600244038";"1.49";"32.6";"4.06";"53.1992065415532";0,135362255;13,7409668;47,96590042;"56"
"144";"TRE_NN_L_75";"S165";7;13;75;"TRE";"NN";"L";"TRE_NN_75";"3577.775390625";"1463.78600244038";"1.49";"32.6";"4.06";"58.747500006522";0,171041117;13,7409668;47,96590042;"4"
"145";"TRE_NN_S_75";"S166";7;13;75;"TRE";"NN";"S";"TRE_NN_75";"3577.775390625";"1463.78600244038";"1.49";"32.6";"4.06";"44.8157966855091";0,212365045;13,7409668;47,96590042;"4"
"146";"TRE_NN_L_76";"S167";7;13;76;"TRE";"NN";"L";"TRE_NN_76";"3542.4830729166665";"1463.78600244038";"1.49";"32.6";"4.06";"58.6696022913767";0,192793232;13,7409668;47,96590042;"3"
"147";"TRE_NN_S_76";"S168";7;13;76;"TRE";"NN";"S";"TRE_NN_76";"3542.4830729166665";"1463.78600244038";"1.49";"32.6";"4.06";"62.9553544198015";0,208079606;13,7409668;47,96590042;"3"
"148";"TRE_NN_L_77";"S169";7;13;77;"TRE";"NN";"L";"TRE_NN_77";"3670.276692708333";"1463.78600244038";"1.49";"32.6";"4.06";"51.6289402149601";0,182675706;13,7409668;47,96590042;"3"
"149";"TRE_NN_S_77";"S170";7;13;77;"TRE";"NN";"S";"TRE_NN_77";"3670.276692708333";"1463.78600244038";"1.49";"32.6";"4.06";"52.0992258732182";0,173178597;13,7409668;47,96590042;"3"
"150";"TRE_NN_L_78";"S171";7;13;78;"TRE";"NN";"L";"TRE_NN_78";"3579.6998697916665";"1463.78600244038";"1.49";"32.6";"4.06";"49.7360167445486";0,176812924;13,7409668;47,96590042;"4"
"151";"TRE_NN_S_78";"S172";7;13;78;"TRE";"NN";"S";"TRE_NN_78";"3579.6998697916665";"1463.78600244038";"1.49";"32.6";"4.06";"60.5254627692699";0,217176388;13,7409668;47,96590042;"4"
"152";"TRE_CC_S_80";"S176";7;14;80;"TRE";"CC";"S";"TRE_CC_80";"3623.15234375";"1463.78600244038";"1.36";"34.1";"4.41";"45.7537391867743";0,188934341;13,64799976;48,03289795;"12"
"153";"SKO_NN_L_1_rep";"S177";1;1;1;"SKO";"NN";"L";"SKO_NN_1";"3618.6100260416665";"2919.48280325183";"1.66";"31.5";"4.04";"67.2050696629706";0,227056822;13,62656593;47,54360199;"20"
"154";"HEM_CC_S_25_rep";"S186";3;5;25;"HEM";"CC";"S";"HEM_CC_25";"3344.909505208333";"1239.0366986976";"1.55";"33";"4.21";"46.7013808570877";0,106632436;13,36884975;54,12509918;"44"
"155";"HEM_CC_L_26_rep";"S187";3;5;26;"HEM";"CC";"L";"HEM_CC_26";"3665.0963541666665";"1239.0366986976";"1.55";"33";"4.21";"63.5622762621484";0,164583687;13,36884975;54,12509918;"27"
"156";"HEM_NN_L_31_rep";"S188";3;6;31;"HEM";"NN";"L";"HEM_NN_31";"3322.25";"1251.81020118529";"1.52";"34.1";"4.01";"56.296081582463";0,156130882;13,36083317;54,07769775;"31"
"157";"HEM_NN_S_31_rep";"S189";3;6;31;"HEM";"NN";"S";"HEM_NN_31";"3322.25";"1251.81020118529";"1.52";"34.1";"4.01";"54.3906903995868";0,223285688;13,36083317;54,07769775;"31"
"158";"HEM_NN_L_32_rep";"S190";3;6;32;"HEM";"NN";"L";"HEM_NN_32";"3302.3834635416665";"1251.81020118529";"1.52";"34.1";"4.01";"54.3650708333402";0,194443409;13,36083317;54,07769775;"51"
"159";"TRE_CC_L_81";"S193";7;14;81;"TRE";"CC";"L";"TRE_CC_81";"3613.7682291666665";"1463.78600244038";"1.36";"34.1";"4.41";"43.535362771932";0,206777476;13,64799976;48,03289795;"21"
"160";"TRE_CC_S_81";"S194";7;14;81;"TRE";"CC";"S";"TRE_CC_81";"3613.7682291666665";"1463.78600244038";"1.36";"34.1";"4.41";"57.081980439384";0,183465791;13,64799976;48,03289795;"21"
"161";"TRE_CC_L_82";"S195";7;14;82;"TRE";"CC";"L";"TRE_CC_82";"3614.483723958333";"1463.78600244038";"1.36";"34.1";"4.41";"55.1556944366944";0,255914663;13,64799976;48,03289795;"18"
"162";"TRE_CC_S_82";"S196";7;14;82;"TRE";"CC";"S";"TRE_CC_82";"3614.483723958333";"1463.78600244038";"1.36";"34.1";"4.41";"53.6467235355212";0,179467789;13,64799976;48,03289795;"18"
"163";"TRE_CC_L_83";"S197";7;14;83;"TRE";"CC";"L";"TRE_CC_83";"3604.3307291666665";"1463.78600244038";"1.36";"34.1";"4.41";"52.7503193826849";0,192952496;13,64799976;48,03289795;"29"
"164";"TRE_CC_S_83";"S198";7;14;83;"TRE";"CC";"S";"TRE_CC_83";"3604.3307291666665";"1463.78600244038";"1.36";"34.1";"4.41";"61.6318955578757";0,177331035;13,64799976;48,03289795;"29"
"165";"TRE_CC_L_84";"S199";7;14;84;"TRE";"CC";"L";"TRE_CC_84";"3570.583333333333";"1463.78600244038";"1.36";"34.1";"4.41";"38.9985351752488";0,238116572;13,64799976;48,03289795;"32"
"166";"TRE_CC_S_84";"S200";7;14;84;"TRE";"CC";"S";"TRE_CC_84";"3570.583333333333";"1463.78600244038";"1.36";"34.1";"4.41";"51.9353546788964";0,158500689;13,64799976;48,03289795;"32"
"167";"HAL_NN_L_85";"S201";8;15;85;"HAL";"NN";"L";"HAL_NN_85";"5397.645833333333";"1339.29309870524";"1.41";"36.4";"4.4";"54.5951632350666";0,203105981;16,22571564;46,30149841;"1"
"168";"HAL_NN_S_85";"S202";8;15;85;"HAL";"NN";"S";"HAL_NN_85";"5397.645833333333";"1339.29309870524";"1.41";"36.4";"4.4";"56.0905540650026";0,221114371;16,22571564;46,30149841;"1"
"169";"HAL_NN_L_86";"S203";8;15;86;"HAL";"NN";"L";"HAL_NN_86";"5348.817057291666";"1339.29309870524";"1.41";"36.4";"4.4";"64.9780763071397";0,210118771;16,22571564;46,30149841;"8"
"170";"HAL_NN_S_86";"S204";8;15;86;"HAL";"NN";"S";"HAL_NN_86";"5348.817057291666";"1339.29309870524";"1.41";"36.4";"4.4";"59.8036747684575";0,250160102;16,22571564;46,30149841;"8"
"171";"HAL_NN_L_87";"S205";8;15;87;"HAL";"NN";"L";"HAL_NN_87";"5354.298828125";"1339.29309870524";"1.41";"36.4";"4.4";"44.6495372440846";0,212681843;16,22571564;46,30149841;"0"
"172";"HAL_NN_S_87";"S206";8;15;87;"HAL";"NN";"S";"HAL_NN_87";"5354.298828125";"1339.29309870524";"1.41";"36.4";"4.4";"63.0508076559309";0,210790346;16,22571564;46,30149841;"0"
"173";"HAL_NN_L_88";"S207";8;15;88;"HAL";"NN";"L";"HAL_NN_88";"5281.576822916666";"1339.29309870524";"1.41";"36.4";"4.4";"52.4487377755817";0,19558953;16,22571564;46,30149841;"0"
"174";"HAL_NN_S_88";"S208";8;15;88;"HAL";"NN";"S";"HAL_NN_88";"5281.576822916666";"1339.29309870524";"1.41";"36.4";"4.4";"54.5586846529013";0,189592331;16,22571564;46,30149841;"0"
"175";"HAL_NN_L_89";"S209";8;15;89;"HAL";"NN";"L";"HAL_NN_89";"5266.888020833333";"1339.29309870524";"1.41";"36.4";"4.4";"51.1293439502244";0,160798131;16,22571564;46,30149841;"0"
"176";"HAL_NN_S_89";"S210";8;15;89;"HAL";"NN";"S";"HAL_NN_89";"5266.888020833333";"1339.29309870524";"1.41";"36.4";"4.4";"55.1873662575438";0,275924008;16,22571564;46,30149841;"0"
"177";"HAL_NN_L_90";"S211";8;15;90;"HAL";"NN";"L";"HAL_NN_90";"5246.86328125";"1339.29309870524";"1.41";"36.4";"4.4";"59.5112070421037";0,170201453;16,22571564;46,30149841;"0"
"178";"HAL_NN_S_90";"S212";8;15;90;"HAL";"NN";"S";"HAL_NN_90";"5246.86328125";"1339.29309870524";"1.41";"36.4";"4.4";"64.7367167796796";0,200558052;16,22571564;46,30149841;"0"
"179";"HAL_CC_S_91";"S214";8;16;91;"HAL";"CC";"S";"HAL_CC_91";"5146.307942708333";"1339.29309870524";"1.41";"35.8";"4.39";"62.1082113075272";0,209724758;16,2103157;45,49749756;"13"
"180";"HAL_CC_L_92";"S215";8;16;92;"HAL";"CC";"L";"HAL_CC_92";"5132.259114583333";"1339.29309870524";"1.41";"35.8";"4.39";"45.9629019734787";0,134072205;16,2103157;45,49749756;"18"
"181";"HAL_CC_S_92";"S216";8;16;92;"HAL";"CC";"S";"HAL_CC_92";"5132.259114583333";"1339.29309870524";"1.41";"35.8";"4.39";"65.6454110854227";0,178290207;16,2103157;45,49749756;"18"
"182";"HAL_CC_L_93";"S217";8;16;93;"HAL";"CC";"L";"HAL_CC_93";"5201.301432291666";"1339.29309870524";"1.41";"35.8";"4.39";"60.8392623602631";0,146022757;16,2103157;45,49749756;"3"
"183";"HAL_CC_S_93";"S218";8;16;93;"HAL";"CC";"S";"HAL_CC_93";"5201.301432291666";"1339.29309870524";"1.41";"35.8";"4.39";"60.4065948812029";0,170467579;16,2103157;45,49749756;"3"
"184";"HAL_CC_L_94";"S219";8;16;94;"HAL";"CC";"L";"HAL_CC_94";"5293.492838541666";"1339.29309870524";"1.41";"35.8";"4.39";"66.049232468865";0,21588627;16,2103157;45,49749756;"6"
"185";"HAL_CC_S_94";"S220";8;16;94;"HAL";"CC";"S";"HAL_CC_94";"5293.492838541666";"1339.29309870524";"1.41";"35.8";"4.39";"69.664849302638";0,218025659;16,2103157;45,49749756;"6"
"186";"HAL_CC_L_95";"S221";8;16;95;"HAL";"CC";"L";"HAL_CC_95";"5166.571614583333";"1339.29309870524";"1.41";"35.8";"4.39";"50.7705480149271";0,208237374;16,2103157;45,49749756;"2"
"187";"HAL_CC_S_95";"S222";8;16;95;"HAL";"CC";"S";"HAL_CC_95";"5166.571614583333";"1339.29309870524";"1.41";"35.8";"4.39";"59.9099114079925";0,203953666;16,2103157;45,49749756;"2"
"188";"HAL_CC_L_96";"S223";8;16;96;"HAL";"CC";"L";"HAL_CC_96";"5257.557942708333";"1339.29309870524";"1.41";"35.8";"4.39";"66.6074498994581";0,172274864;16,2103157;45,49749756;"3"
"189";"HAL_CC_S_96";"S224";8;16;96;"HAL";"CC";"S";"HAL_CC_96";"5257.557942708333";"1339.29309870524";"1.41";"35.8";"4.39";"65.372728040229";0,239892323;16,2103157;45,49749756;"3"
"190";"BLA_NN_L_97";"S225";9;17;97;"BLA";"NN";"L";"BLA_NN_97";"4770.662109375";"1497.8522956107";"1.66";"29.7";"5.06";"44.6953303385287";0,209328056;15,63803291;45,7589035;"36"
"191";"BLA_NN_S_97";"S226";9;17;97;"BLA";"NN";"S";"BLA_NN_97";"4770.662109375";"1497.8522956107";"1.66";"29.7";"5.06";"61.2720737333297";0,128455378;15,63803291;45,7589035;"36"
"192";"BLA_NN_L_98";"S227";9;17;98;"BLA";"NN";"L";"BLA_NN_98";"4675.757161458333";"1497.8522956107";"1.66";"29.7";"5.06";"62.1297906340662";0,128553019;15,63803291;45,7589035;"15"
"193";"BLA_NN_S_98";"S228";9;17;98;"BLA";"NN";"S";"BLA_NN_98";"4675.757161458333";"1497.8522956107";"1.66";"29.7";"5.06";"68.2058384436089";0,124455389;15,63803291;45,7589035;"15"
"194";"BLA_NN_L_99";"S229";9;17;99;"BLA";"NN";"L";"BLA_NN_99";"4719.464192708333";"1497.8522956107";"1.66";"29.7";"5.06";"48.5678057780733";0,098692587;15,63803291;45,7589035;"1"
"195";"BLA_NN_S_99";"S230";9;17;99;"BLA";"NN";"S";"BLA_NN_99";"4719.464192708333";"1497.8522956107";"1.66";"29.7";"5.06";"53.3489836349064";0,111594601;15,63803291;45,7589035;"1"
"196";"BLA_NN_L_100";"S231";9;17;100;"BLA";"NN";"L";"BLA_NN_100";"4680.157552083333";"1497.8522956107";"1.66";"29.7";"5.06";"59.9569706448066";0,089412147;15,63803291;45,7589035;"1"
"197";"BLA_NN_S_100";"S232";9;17;100;"BLA";"NN";"S";"BLA_NN_100";"4680.157552083333";"1497.8522956107";"1.66";"29.7";"5.06";"48.1496810560309";0,142683468;15,63803291;45,7589035;"1"
"198";"BLA_NN_L_101";"S233";9;17;101;"BLA";"NN";"L";"BLA_NN_101";"4731.98828125";"1497.8522956107";"1.66";"29.7";"5.06";"57.1196603887947";0,095104407;15,63803291;45,7589035;"0.1"
"199";"BLA_NN_S_101";"S234";9;17;101;"BLA";"NN";"S";"BLA_NN_101";"4731.98828125";"1497.8522956107";"1.66";"29.7";"5.06";"60.7442314591869";0,132594951;15,63803291;45,7589035;"0.1"
"200";"BLA_NN_L_102";"S235";9;17;102;"BLA";"NN";"L";"BLA_NN_102";"4864.305989583333";"1497.8522956107";"1.66";"29.7";"5.06";"71.4352541474383";0,054581375;15,63803291;45,7589035;"0"
"201";"BLA_NN_S_102";"S236";9;17;102;"BLA";"NN";"S";"BLA_NN_102";"4864.305989583333";"1497.8522956107";"1.66";"29.7";"5.06";"57.4157811790417";0,147751139;15,63803291;45,7589035;"0"
"202";"BLA_CC_L_103";"S237";9;18;103;"BLA";"CC";"L";"BLA_CC_103";"4494.735677083333";"1497.27719815448";"1.47";"36.5";"4.16";"63.8497188325374";0,182212113;15,5805006;45,66270065;"0"
"203";"BLA_CC_S_103";"S238";9;18;103;"BLA";"CC";"S";"BLA_CC_103";"4494.735677083333";"1497.27719815448";"1.47";"36.5";"4.16";"68.1328678459115";0,157517499;15,5805006;45,66270065;"0"
"204";"BLA_CC_L_104";"S239";9;18;104;"BLA";"CC";"L";"BLA_CC_104";"4537.800130208333";"1497.27719815448";"1.47";"36.5";"4.16";"55.4077515761276";0,146112825;15,5805006;45,66270065;"0"
"205";"BLA_CC_S_104";"S240";9;18;104;"BLA";"CC";"S";"BLA_CC_104";"4537.800130208333";"1497.27719815448";"1.47";"36.5";"4.16";"50.1086966801096";0,134746627;15,5805006;45,66270065;"0"
"206";"BLA_CC_L_105";"S241";9;18;105;"BLA";"CC";"L";"BLA_CC_105";"4682.757161458333";"1497.27719815448";"1.47";"36.5";"4.16";"46.2213960109552";0,114930293;15,5805006;45,66270065;"0"
"207";"BLA_CC_S_105";"S242";9;18;105;"BLA";"CC";"S";"BLA_CC_105";"4682.757161458333";"1497.27719815448";"1.47";"36.5";"4.16";"46.6234937897417";0,25046844;15,5805006;45,66270065;"0"
"208";"BLA_CC_L_106";"S243";9;18;106;"BLA";"CC";"L";"BLA_CC_106";"4464.052083333333";"1497.27719815448";"1.47";"36.5";"4.16";"71.5738481812743";0,263737912;15,5805006;45,66270065;"0.1"
"209";"BLA_CC_S_106";"S244";9;18;106;"BLA";"CC";"S";"BLA_CC_106";"4464.052083333333";"1497.27719815448";"1.47";"36.5";"4.16";"69.0051567070194";0,161599536;15,5805006;45,66270065;"0.1"
"210";"BLA_CC_L_107";"S245";9;18;107;"BLA";"CC";"L";"BLA_CC_107";"4422.513671875";"1497.27719815448";"1.47";"36.5";"4.16";"42.1315798930567";0,235790976;15,5805006;45,66270065;"0"
"211";"BLA_CC_S_107";"S246";9;18;107;"BLA";"CC";"S";"BLA_CC_107";"4422.513671875";"1497.27719815448";"1.47";"36.5";"4.16";"48.4890323503691";0,280335821;15,5805006;45,66270065;"0"
"212";"BLA_CC_L_108";"S247";9;18;108;"BLA";"CC";"L";"BLA_CC_108";"4548.641927083333";"1497.27719815448";"1.47";"36.5";"4.16";"66.3070251062838";0,199509079;15,5805006;45,66270065;"0"
"213";"BLA_CC_S_108";"S248";9;18;108;"BLA";"CC";"S";"BLA_CC_108";"4548.641927083333";"1497.27719815448";"1.47";"36.5";"4.16";"56.7070309805008";0,16429409;15,5805006;45,66270065;"0"
"214";"STR_NN_S_109";"S250";10;19;109;"STR";"NN";"S";"STR_NN_109";"3806.1764322916665";"1454.4902000078";"1.41";"38.4";"4.31";"52.6687046533945";0,171937779;13,60954952;48,0102005;"26"
"215";"STR_NN_L_110";"S251";10;19;110;"STR";"NN";"L";"STR_NN_110";"3892.13671875";"1454.4902000078";"1.41";"38.4";"4.31";"34.4658921039255";0,199578096;13,60954952;48,0102005;"24"
"216";"STR_NN_S_110";"S252";10;19;110;"STR";"NN";"S";"STR_NN_110";"3892.13671875";"1454.4902000078";"1.41";"38.4";"4.31";"41.9283528576067";0,09890389;13,60954952;48,0102005;"24"
"217";"STR_NN_L_111";"S253";10;19;111;"STR";"NN";"L";"STR_NN_111";"3905.83984375";"1454.4902000078";"1.41";"38.4";"4.31";"35.6871648123224";0,270546923;13,60954952;48,0102005;"11"
"218";"STR_NN_S_111";"S254";10;19;111;"STR";"NN";"S";"STR_NN_111";"3905.83984375";"1454.4902000078";"1.41";"38.4";"4.31";"52.2328293853214";0,164628563;13,60954952;48,0102005;"11"
"219";"STR_NN_L_112";"S255";10;19;112;"STR";"NN";"L";"STR_NN_112";"3788.9375";"1454.4902000078";"1.41";"38.4";"4.31";"50.971636246395";0,28243738;13,60954952;48,0102005;"41"
"220";"STR_NN_S_112";"S256";10;19;112;"STR";"NN";"S";"STR_NN_112";"3788.9375";"1454.4902000078";"1.41";"38.4";"4.31";"49.4793997279407";0,12754582;13,60954952;48,0102005;"41"
"221";"STR_NN_L_113";"S257";10;19;113;"STR";"NN";"L";"STR_NN_113";"3744.114583333333";"1454.4902000078";"1.41";"38.4";"4.31";"65.9458279759127";0,207222484;13,60954952;48,0102005;"52"
"222";"STR_NN_S_113";"S258";10;19;113;"STR";"NN";"S";"STR_NN_113";"3744.114583333333";"1454.4902000078";"1.41";"38.4";"4.31";"45.888888906543";0,201910242;13,60954952;48,0102005;"52"
"223";"STR_NN_L_114";"S259";10;19;114;"STR";"NN";"L";"STR_NN_114";"3631.2936197916665";"1454.4902000078";"1.41";"38.4";"4.31";"42.7266567666071";0,167429276;13,60954952;48,0102005;NA
"224";"STR_NN_S_114";"S260";10;19;114;"STR";"NN";"S";"STR_NN_114";"3631.2936197916665";"1454.4902000078";"1.41";"38.4";"4.31";"51.2697045515616";0,264215613;13,60954952;48,0102005;NA
"225";"STR_CC_S_116";"S264";10;20;116;"STR";"CC";"S";"STR_CC_116";"3764.597005208333";"1440.01009707886";"1.52";"35.2";"4.39";"44.2639464848271";0,170081324;13,773633;47,82040024;"4"
"226";"STR_CC_L_117";"S265";10;20;117;"STR";"CC";"L";"STR_CC_117";"3744.9713541666665";"1440.01009707886";"1.52";"35.2";"4.39";"50.2350006562337";0,146100854;13,773633;47,82040024;"1"
"227";"STR_CC_S_117";"S266";10;20;117;"STR";"CC";"S";"STR_CC_117";"3744.9713541666665";"1440.01009707886";"1.52";"35.2";"4.39";"55.2030532571715";0,217422793;13,773633;47,82040024;"1"
"228";"STR_CC_L_118";"S267";10;20;118;"STR";"CC";"L";"STR_CC_118";"3795.845052083333";"1440.01009707886";"1.52";"35.2";"4.39";"42.7756513939674";0,138908264;13,773633;47,82040024;"1"
"229";"STR_CC_S_118";"S268";10;20;118;"STR";"CC";"S";"STR_CC_118";"3795.845052083333";"1440.01009707886";"1.52";"35.2";"4.39";"42.8924042417087";0,110724303;13,773633;47,82040024;"1"
"230";"STR_CC_L_119";"S269";10;20;119;"STR";"CC";"L";"STR_CC_119";"3875.3072916666665";"1440.01009707886";"1.52";"35.2";"4.39";"53.60163628506";0,212072467;13,773633;47,82040024;"4"
"231";"STR_CC_S_119";"S270";10;20;119;"STR";"CC";"S";"STR_CC_119";"3875.3072916666665";"1440.01009707886";"1.52";"35.2";"4.39";"67.852234560187";0,087034621;13,773633;47,82040024;"4"
"232";"STR_CC_L_120";"S271";10;20;120;"STR";"CC";"L";"STR_CC_120";"3863.900390625";"1440.01009707886";"1.52";"35.2";"4.39";"57.5896397432176";0,110855907;13,773633;47,82040024;"4"
"233";"STR_CC_S_120";"S272";10;20;120;"STR";"CC";"S";"STR_CC_120";"3863.900390625";"1440.01009707886";"1.52";"35.2";"4.39";"52.6907803952615";0,127508353;13,773633;47,82040024;"4"
"234";"TRE_NN_L_73_rep";"S281";7;13;73;"TRE";"NN";"L";"TRE_NN_73";"3536.6764322916665";"1463.78600244038";"1.49";"32.6";"4.06";"54.8667252447356";0,223569875;13,7409668;47,96590042;"4"
"235";"TRE_NN_L_74_rep";"S283";7;13;74;"TRE";"NN";"L";"TRE_NN_74";"3605.01171875";"1463.78600244038";"1.49";"32.6";"4.06";"60.4094337541501";0,140562662;13,7409668;47,96590042;"56"
"236";"TRE_CC_L_79_rep";"S284";7;14;79;"TRE";"CC";"L";"TRE_CC_79";"3669.481770833333";"1463.78600244038";"1.36";"34.1";"4.41";"48.0206205931378";0,19462456;13,64799976;48,03289795;"43"
"237";"TRE_CC_S_79_rep";"S285";7;14;79;"TRE";"CC";"S";"TRE_CC_79";"3669.481770833333";"1463.78600244038";"1.36";"34.1";"4.41";"51.6067027343093";0,144526957;13,64799976;48,03289795;"43"
"238";"TRE_CC_L_80_rep";"S286";7;14;80;"TRE";"CC";"L";"TRE_CC_80";"3623.15234375";"1463.78600244038";"1.36";"34.1";"4.41";"49.5710005146967";0,121567109;13,64799976;48,03289795;"12"
